,word,count
46,ajax,28
51,angular,32
55,angularjs,15
59,app,11
64,backbone,6
68,boot,19
69,bootstrap,17
86,css,72
87,css3,39
91,div,15
94,dom,17
102,es,27
104,es6,16
123,grunt,6
124,gulp,12
126,h5,15
131,hr,6
132,html,74
133,html5,54
136,http,12
150,ip,66
152,java,71
155,javascript,63
159,jquery,41
161,js,60
162,json,12
163,jsp,9
167,less,12
177,mv,13
178,mvc,10
181,mysql,6
186,node,20
187,nodejs,7
194,pack,21
197,pc,8
199,php,10
207,query,42
208,react,39
209,reactjs,10
217,rn,6
222,sass,9
230,spring,8
232,sql,8
249,ue,63
250,ui,28
251,ul,39
256,vue,43
257,vuejs,7
258,w3c,11
260,web,73
264,webpack,19
271,xhtml,6
272,xml,8
285,一定,27
289,一种,23
296,三年,10
316,专业,36
317,专业本科,8
321,College Degree,8
346,丰富,9
353,主流,24
363,习惯,8
367,了解,36
375,互联网,9
377,交互,28
396,人员,13
402,代码,38
405,以上,71
406,以上学历,41
410,任务,9
412,任职,45
416,优先,54
419,优化,50
421,优秀,6
434,体验,26
439,使用,38
447,信息,6
469,公众,7
488,兼容,36
489,兼容性,26
490,兼容性问题,12
491,兼容问题,7
509,分析,24
517,创新,8
525,制作,10
534,前端开发,49
540,功能,19
612,各种,16
613,各类,8
614,合作,23
621,后台,19
623,后端,24
633,响应,7
640,善于,8
646,团队,40
671,基础,17
679,处理,12
710,学习,21
717,完成,36
721,定位,6
727,实现,25
769,岗位,65
779,工程化,6
780,工程师,11
788,布局,29
794,常用,14
798,平台,21
826,开发人员,12
827,开发技术,16
833,开源,9
856,微信,15
860,快速,14
862,思想,7
863,思维,11
868,性强,6
870,性能,40
895,扎实,11
898,执行,9
912,技能,9
932,掌握,43
947,描述,13
952,提高,9
982,数据,22
986,数据库,11
994,文档,11
1000,方式,6
1001,方案,18
1004,方面,8
1022,更新,6
1042,服务器,9
1047,本科,30
1057,构建,17
1058,架构,29
1059,架构设计,9
1063,标准,27
1073,根据,28
1080,模块,16
1081,模块化,10
1083,模式,11
1103,沟通,37
1115,流程,15
1118,浏览,39
1119,浏览器,38
1126,深入,14
1133,清晰,8
1161,特性,13
1166,独立,26
1168,环境,6
1173,理解,30
1183,用户,25
1195,界面,18
1204,相关,56
1210,研发,9
1228,移动,26
1230,程序,19
1233,程序开发,9
1270,Class Library,6
1271,精神,24
1272,精通,54
1273,系统,32
1285,组件,23
1291,经验,78
1293,结构,7
1306,维护,28
1321,网页,10
1323,美工,6
1334,职位,16
1343,能力,60
1344,能够,24
1358,至少,16
1362,良好,52
1393,规范,25
1399,解决,38
1401,解决方案,10
1402,解决问题,12
1404,计算,39
1405,计算机,38
1407,计算机相关,15
1415,设备,9
1417,设计,62
1419,设计师,9
1422,访问,10
1429,语义,6
1431,语言,29
1445,调试,9
1448,负责,54
1480,较强,20
1499,进行,29
1513,逻辑,17
1514,逻辑思维,6
1524,配合,24
1527,重构,8
1539,问题,43
1555,需求,24
1556,需要,7
1563,OOP,6
1568,页面,56
1569,项目,39
1576,领域,6
1580,风格,7
